iter,global_step,wall_seconds,sps,ep_ret,win,ep_len,pg,v,ent,kl,clipfrac,lr,energy_unspent,card_take,upgrades,removes,elites,potions_got,potions_used,potions_used_elite,potions_used_boss,potions_used_normal,potions_expired,potion_use_hp,relics,hp_lost,aux
122,4030464,61.759,530,20.92420212413883,0.0,173.83,3.809714689850807e-05,6.848359107971191,0.597805380821228,2.0059291429674886e-05,0.0,0.0003,0.22127960410038883,0.9234042553191489,2.68,0.49,0.7,4.36,0.19,0.0,0.0,0.19,0.0,0.1411442394554615,3.67,138.83,0.04347944585606456
123,4063232,128.18,511,22.492664889821317,0.0,173.24,0.00013989233411848545,8.514632225036621,0.5682398080825806,1.1926035824671999e-05,7.62939453125e-06,0.0003,0.1872580077437522,0.9147180192572214,2.63,0.6,0.94,4.41,0.11,0.0,0.0,0.11,0.0,0.08469852924346924,3.97,144.07,0.045361951692029834
124,4096000,197.643,497,20.465523755247705,0.0,172.02,-0.00023500993847846985,8.627358436584473,0.5723455548286438,1.2513271020253569e-05,7.62939453125e-06,0.0003,0.22545959070412763,0.9273447820343461,1.98,0.54,0.82,4.39,0.07,0.0,0.0,0.07,0.0,0.05550000011920929,3.73,142.1,0.04315245500765741
125,4128768,267.232,490,22.95440700405161,0.0,175.12,9.160116314888e-05,9.663169860839844,0.562567412853241,2.714888324817366e-05,0.00014495849609375,0.0003,0.20083102493074792,0.9234899328859061,2.98,0.59,0.82,4.77,0.11,0.0,0.0,0.11,0.02,0.08712081491947174,3.99,139.55,0.04935418569948524
126,4161536,336.169,487,21.626398095563054,0.0,168.85,-0.00017007021233439445,9.863564491271973,0.5556914806365967,1.0242285441108834e-05,0.0,0.0003,0.221546170365068,0.9104895104895104,3.02,0.56,0.71,4.25,0.15,0.0,0.0,0.15,0.01,0.12057943642139435,3.92,141.62,0.05023361195344478
127,4194304,404.183,486,18.61588667499833,0.0,151.42,-9.574787691235542e-05,8.844417572021484,0.575120210647583,1.4980892728999606e-05,0.0,0.0003,0.2204599524187153,0.9182692307692307,2.7,0.45,0.66,3.97,0.09,0.0,0.0,0.09,0.0,0.07054597675800324,3.28,128.15,0.046819510869681835
128,4227072,472.65,485,20.896824435635935,0.0,167.43,-7.207784801721573e-05,8.8939208984375,0.5552133917808533,1.2735136799335578e-05,1.52587890625e-05,0.0003,0.1923497267759563,0.9108635097493036,2.26,0.47,0.77,4.18,0.12,0.0,0.0,0.12,0.01,0.08649925380945206,3.96,140.75,0.0452504480490461
129,4259840,540.077,485,17.986146154425807,0.0,149.91,9.455299004912376e-05,7.7970871925354,0.570418655872345,1.7148227506424973e-05,1.52587890625e-05,0.0003,0.20086139389193422,0.9297385620915033,2.96,0.39,0.58,3.94,0.15,0.0,0.0,0.15,0.01,0.10421938598155975,3.16,123.36,0.04056706721894443
130,4292608,605.198,487,19.677185008379166,0.0,162.1,-0.004806796088814735,8.052016258239746,0.5573717355728149,0.0016947581895010444,0.01422882080078125,0.0003,0.16672897196261682,0.9287749287749287,2.61,0.47,0.61,4.08,0.13,0.0,0.0,0.13,0.02,0.10047715961933136,3.38,132.14,0.04239617451094091
131,4325376,670.722,488,21.86130782850669,0.0,166.58,0.0023060645908117294,7.835824012756348,0.5705908536911011,0.0021098776773271766,0.0176239013671875,0.0003,0.1795429815016322,0.9309352517985612,3.06,0.57,0.74,4.55,0.08,0.0,0.0,0.08,0.02,0.04936357960104942,3.74,135.19,0.04686253482941538
132,4358144,740.252,486,20.802555969905807,0.0,161.08,-0.002549571916460991,9.254865646362305,0.5543887615203857,0.0025949229823254427,0.026458740234375,0.0003,0.218475073313783,0.9040697674418605,2.58,0.38,0.81,4.05,0.11,0.0,0.0,0.11,0.0,0.086256822347641,3.79,136.81,0.04383312491700053
133,4390912,808.567,486,22.6129505606927,0.0,170.38,-0.004704577848315239,10.036796569824219,0.5522152185440063,0.002135478779081268,0.01935577392578125,0.0003,0.2130028735632184,0.9201680672268907,2.96,0.58,0.83,4.7,0.14,0.0,0.0,0.14,0.01,0.09482916809618473,4.02,141.11,0.04064237093552947
134,4423680,877.982,485,21.977319711993914,0.0,180.64,-0.003113922430202365,9.338059425354004,0.5449995994567871,0.0014288968977780314,0.01309967041015625,0.0003,0.17515485203028217,0.9146981627296588,2.02,0.55,0.9,4.91,0.06,0.0,0.0,0.06,0.01,0.04650000005960465,4.05,145.87,0.04653087863698602
135,4456448,946.3,484,21.137453413929325,0.0,173.84,-0.0031564622186124325,8.260503768920898,0.5591233968734741,0.004031761542790946,0.0365142822265625,0.0003,0.17118997912317327,0.9176788124156545,2.45,0.45,0.77,5.01,0.17,0.0,0.0,0.17,0.01,0.13869274377822877,3.82,141.21,0.04361845715902746
136,4489216,1011.791,485,21.260724098738283,0.0,163.98,-0.004243742674589157,9.092132568359375,0.5638298988342285,0.001767575497638063,0.01667022705078125,0.0003,0.18694362017804153,0.9265129682997119,3.08,0.57,0.71,4.44,0.19,0.0,0.0,0.19,0.0,0.1345593425631523,3.66,134.52,0.040408826782368124
137,4521984,1080.64,485,24.03314980074181,0.0,178.01,0.001987042371183634,9.996648788452148,0.5467121005058289,0.009334489955534764,0.06354522705078125,0.0003,0.17096999302163293,0.9211563731931669,3.03,0.57,0.84,4.78,0.25,0.0,0.0,0.25,0.01,0.17806489661335945,4.12,143.6,0.04939162312075496
138,4554752,1149.389,484,21.950614659979475,0.0,176.43,-0.001956491731107235,7.915577411651611,0.5630296468734741,0.0014362105758038979,0.0141143798828125,0.0003,0.13915177006659657,0.9262734584450402,2.72,0.56,0.8,5.14,0.19,0.0,0.0,0.19,0.0,0.15137815490365028,3.83,143.55,0.045737408683635294
139,4587520,1215.754,485,21.391532246947754,0.0,169.1,-0.0025671254843473434,8.696870803833008,0.5717650651931763,0.0021789146791206804,0.02065277099609375,0.0003,0.18973451327433627,0.9207232267037552,2.84,0.45,0.73,4.2,0.12,0.0,0.0,0.12,0.0,0.08959935069084167,3.55,140.42,0.04124682873953134
140,4620288,1285.745,484,19.928577142980647,0.0,160.96,-0.001596327405422926,8.591670989990234,0.5163952112197876,0.006556441458513973,0.04705047607421875,0.0003,0.17745620715917745,0.9347181008902077,2.58,0.48,0.61,4.4,0.16,0.0,0.0,0.16,0.0,0.1288749995827675,3.5,135.89,0.047517428756691515
141,4653056,1355.35,483,25.665262387618423,0.0,190.84,-0.0029434640891849995,9.241292953491211,0.5076634287834167,0.0019424561866969725,0.01813507080078125,0.0003,0.14889402443050512,0.9260172626387176,2.87,0.53,1.02,5.57,0.21,0.0,0.0,0.21,0.0,0.16101139456033706,4.33,154.3,0.05464560724794865
142,4685824,1421.915,483,22.08926418177085,0.0,182.75,-0.0035404078662395477,7.656177520751953,0.5448321104049683,0.0024650943940969228,0.0213775634765625,0.0003,0.13478991596638656,0.9309895833333334,2.04,0.56,0.88,5.05,0.15,0.0,0.0,0.15,0.0,0.10313505679368973,4.01,144.41,0.044157360563986
143,4718592,1490.63,483,20.79291445021314,0.0,163.99,-0.004904089495539665,9.612040519714355,0.5683547258377075,0.002055725447405621,0.0183563232421875,0.0003,0.17091177556293835,0.9195906432748538,2.88,0.49,0.7,4.55,0.24,0.0,0.0,0.24,0.0,0.19709789320826532,3.6,135.69,0.04988006816711277
144,4751360,1555.677,484,21.373063247152604,0.0,167.18,-0.0031907986849546432,8.304049491882324,0.5373023748397827,0.0015109417808503167,0.01451873779296875,0.0003,0.18010167029774873,0.9368723098995696,3.02,0.39,0.87,4.65,0.12,0.0,0.0,0.12,0.0,0.08287499949336052,3.64,136.54,0.04753462632652372
145,4784128,1622.528,484,23.329657527614618,0.0,182.63,-0.003349923063069582,9.245354652404785,0.5470019578933716,0.001452983579326883,0.0137939453125,0.0003,0.19784293899561847,0.9366925064599483,2.68,0.52,0.88,4.88,0.11,0.0,0.0,0.11,0.0,0.08328851580619812,4.13,150.59,0.04500855121295899
146,4816896,1700.23,481,23.11142655512085,0.0,186.73,-0.004227718338370323,9.581300735473633,0.552996039390564,0.002398749161017122,0.0226898193359375,0.0003,0.15978695073235685,0.8883048620236531,1.99,0.64,1.02,5.13,0.14,0.0,0.0,0.14,0.0,0.10319661498069763,4.27,155.84,0.0448193772463128
147,4849664,1779.111,478,20.820949666573433,0.0,173.94,-0.002399863675236702,8.448991775512695,0.5850476622581482,0.005809449031346503,0.0523529052734375,0.0003,0.20427144333448158,0.925531914893617,2.6,0.33,0.68,5.04,0.18,0.0,0.0,0.18,0.0,0.12052382059395313,3.64,143.19,0.04881650069728494
148,4882432,1866.232,474,20.274904183610342,0.0,171.48,-0.005572435446083546,9.270556449890137,0.5825706720352173,0.0018771439516171995,0.01779937744140625,0.0003,0.17593880389429764,0.9322766570605188,2.4,0.41,0.92,4.51,0.11,0.0,0.0,0.11,0.0,0.09275000005960464,3.66,139.31,0.049562547472305596
149,4915200,1948.94,470,22.055972502049116,0.0,177.74,-0.0030317045748233795,9.821477890014648,0.5675705671310425,0.0045135896673969,0.04143524169921875,0.0003,0.18622360678435446,0.9281767955801105,2.21,0.34,0.9,4.88,0.17,0.0,0.0,0.17,0.02,0.11901399224996567,4.0,153.68,0.050368976197205484
150,4947968,2038.092,466,21.43133430646965,0.0,176.43,-0.003238261677324772,11.090543746948242,0.5782403945922852,0.0026813570012933496,0.02706146240234375,0.0003,0.3347972972972973,0.9281767955801105,2.02,0.37,1.01,4.95,0.1,0.0,0.0,0.1,0.0,0.08675000011920929,4.05,145.74,0.04815808532293886
151,4980736,2113.468,465,20.192933971879537,0.0,177.66,-0.004770197905600071,8.817924499511719,0.5858385562896729,0.00233690178428958,0.0241851806640625,0.0003,0.23483564893256523,0.9376731301939059,2.05,0.42,0.82,4.98,0.18,0.0,0.0,0.18,0.0,0.14566362619400025,3.71,145.75,0.047652416746132076
152,5013504,2179.991,465,19.011410276992248,0.0,164.62,-0.007529829628765583,8.247173309326172,0.6011998057365417,0.00209191298620226,0.0179443359375,0.0003,0.27950089126559713,0.9307692307692308,2.22,0.3,0.72,4.7,0.12,0.0,0.0,0.12,0.0,0.08265697658061981,3.58,135.61,0.042954731499776244
153,5046272,2275.401,460,19.804655339821476,0.0,160.81,-0.00011248234659433365,8.212074279785156,0.5901644229888916,0.002609579021338959,0.02655792236328125,0.0003,0.27203204661325564,0.9046875,2.52,0.43,0.79,4.74,0.19,0.0,0.0,0.19,0.01,0.1376052851229906,3.51,139.96,0.04384312289766967
154,5079040,2367.997,456,18.879516549473628,0.0,163.0,-0.0031640424858778715,10.75735855102539,0.6254823207855225,0.002518148453532376,0.0276336669921875,0.0003,0.4230769230769231,0.901386748844376,1.96,0.29,0.73,4.45,0.13,0.0,0.0,0.13,0.02,0.09249999970197678,3.68,143.37,0.04748029529582709
155,5111808,2461.712,452,15.904168272889219,0.0,156.19,-0.006961192470043898,8.807306289672852,0.6371698379516602,0.002821845219699526,0.0296478271484375,0.0003,0.41761363636363635,0.8797364085667215,1.93,0.37,0.64,4.21,0.15,0.0,0.0,0.15,0.04,0.10040466576814651,3.16,129.35,0.04715039418078959
156,5144576,2554.638,448,14.177610666900874,0.0,134.98,-0.0015419023111462593,8.815815925598145,0.6215070486068726,0.0037797314444105723,0.03868865966796875,0.0003,0.449142401276426,0.885036496350365,1.79,0.31,0.48,3.72,0.09,0.0,0.0,0.09,0.01,0.0715000006556511,2.77,123.23,0.04679492476861924
157,5177344,2637.577,447,20.177437342382035,0.0,177.41,-0.002764608711004257,8.769680976867676,0.6061156392097473,0.002553363740048553,0.02370452880859375,0.0003,0.25993265993265996,0.9008379888268156,1.83,0.33,0.86,4.86,0.06,0.0,0.0,0.06,0.01,0.04361764699220658,4.04,145.29,0.05109631537925452
158,5210112,2740.594,442,22.973438708465547,0.0,177.66,-0.0033258688636124134,9.494918823242188,0.577305793762207,0.0014220596481209213,0.01355743408203125,0.0003,0.1927958833619211,0.9122562674094707,3.08,0.38,0.95,5.0,0.14,0.0,0.0,0.14,0.01,0.10378478407859802,4.04,147.83,0.04526691907085478
159,5242880,2856.45,435,21.92595431947266,0.0,178.2,-0.004931529518216848,9.266839027404785,0.5930368900299072,0.002063913113147464,0.01885986328125,0.0003,0.24750086177180283,0.9240331491712708,2.69,0.33,0.83,5.03,0.1,0.0,0.0,0.1,0.01,0.07353900730609894,3.81,146.18,0.050202606478706
160,5275648,2960.962,431,20.668336125160568,0.0,174.58,-0.0024871542118489742,9.668744087219238,0.5947492122650146,0.0009448498429094343,0.00873565673828125,0.0003,0.25753516409912924,0.8923705722070845,2.12,0.48,0.88,4.95,0.1,0.0,0.0,0.1,0.0,0.06734464347362518,3.89,146.62,0.04873659473378211
161,5308416,3070.935,426,22.068815296879038,0.0,187.21,-0.005477413535118103,9.702770233154297,0.5842207670211792,0.0012772479840066353,0.01171875,0.0003,0.3137254901960784,0.8961384820239681,2.11,0.48,0.81,5.52,0.11,0.0,0.0,0.11,0.01,0.0883523976802826,3.96,152.64,0.0497907908866182
162,5341184,3180.295,422,19.735725981304423,0.0,166.43,-0.005802704021334648,8.964507102966309,0.5937333106994629,0.001499405539050258,0.01415252685546875,0.0003,0.27405040823571175,0.8948148148148148,2.03,0.5,0.89,4.48,0.17,0.0,0.0,0.17,0.0,0.13466847121715544,3.76,143.34,0.0445575196063146
160,5275648,61.721,530,14.76,0.0,164.26,-0.0026931543834507465,8.391860961914062,0.631537675857544,0.0016364607304808487,0.01819610595703125,0.0003,0.3294460641399417,0.9128440366972477,2.46,0.41,0.74,4.57,0.15,0.0,0.0,0.15,0.04,0.10472220808267593,3.66,138.56,0.04629096598364413
161,5308416,123.073,532,13.89,0.0,160.65,-0.004746932536363602,8.812700271606445,0.5957043170928955,0.002403229908068738,0.02021026611328125,0.0003,0.21519912312751188,0.9265625,2.6,0.3,0.7,4.6,0.21,0.0,0.0,0.21,0.0,0.16664782792329788,3.26,138.73,0.04360991483554244
162,5341184,182.942,537,14.51,0.0,167.03,-0.0015159547328948975,7.802778244018555,0.6031203269958496,0.0054954016390826865,0.0484619140625,0.0003,0.3042291950886767,0.8954758190327613,2.11,0.45,0.6,4.77,0.12,0.0,0.0,0.12,0.0,0.09168891400098801,3.31,140.25,0.04743905225768685
163,5373952,243.845,537,13.79,0.0,168.18,0.011831537820398808,9.517991065979004,0.5581588745117188,0.023111923546639445,0.09921875,0.0003,0.22146200936262153,0.8984615384615384,2.47,0.34,0.86,4.1,0.2,0.0,0.0,0.2,0.0,0.15149568498134613,3.57,136.91,0.0509462546557188
164,5406720,305.04,537,17.47,0.0,193.66,-0.0027909670025110245,8.938467979431152,0.536649763584137,0.0012344624699380802,0.01025390625,0.0003,0.099,0.8855721393034826,2.25,0.58,0.91,5.57,0.14,0.0,0.0,0.14,0.0,0.10655572414398193,4.32,158.67,0.05106730363331735
165,5439488,362.496,542,14.72,0.0,173.97,-0.0022492562420666218,7.742722988128662,0.5429437160491943,0.0038545036654511478,0.0250701904296875,0.0003,0.07686729514140682,0.8935251798561151,1.6,0.43,0.86,4.91,0.17,0.0,0.0,0.17,0.0,0.12499583005905152,3.62,137.74,0.0466734851943329
166,5472256,424.373,540,16.3,0.0,178.78,-0.003895043395459652,8.851850509643555,0.5380114316940308,0.00198227102475812,0.0178985595703125,0.0003,0.08642407277816655,0.8894601542416453,2.45,0.4,0.92,4.98,0.15,0.0,0.0,0.15,0.0,0.11143199801445007,3.93,145.09,0.04776407987810671
167,5505024,489.417,535,15.86,0.0,176.77,-0.003607429563999176,8.968313217163086,0.5498983263969421,0.0015106549075483144,0.0142822265625,0.0003,0.11771019677996422,0.8970588235294118,1.93,0.34,0.86,5.13,0.15,0.0,0.0,0.15,0.0,0.12480126902461051,3.89,143.89,0.049162878072820604
168,5537792,550.034,536,17.81,0.0,196.06,-0.0026441202498972416,9.693826675415039,0.5411877632141113,0.0018043893895764995,0.0135650634765625,0.0003,0.08486238532110092,0.9046454767726161,2.68,0.52,1.13,5.7,0.1,0.0,0.0,0.1,0.01,0.08875,4.47,166.37,0.05147294653579593
169,5570560,611.632,535,16.53,0.0,185.45,-0.004457342438399792,9.437780380249023,0.5431066751480103,0.0032148515982726167,0.03038787841796875,0.0003,0.09163208852005532,0.9148936170212766,2.47,0.4,1.02,5.1,0.12,0.0,0.0,0.12,0.0,0.10179941892623902,4.19,152.7,0.04632387589663267
170,5603328,673.042,535,15.04,0.0,166.58,-0.003366371151059866,7.959821701049805,0.5412299633026123,0.0018448846267915542,0.014617919921875,0.0003,0.07853982300884955,0.887624466571835,2.63,0.37,0.97,4.96,0.14,0.0,0.0,0.14,0.01,0.11911207988858223,3.71,144.68,0.050431039300747216
171,5636096,736.367,533,15.58,0.0,171.61,-0.0019174311310052872,8.48073959350586,0.5403680801391602,0.0025720899943735276,0.02392578125,0.0003,0.07636887608069164,0.9056603773584906,2.58,0.61,1.01,4.85,0.07,0.0,0.0,0.07,0.0,0.058036764860153196,4.24,145.99,0.050928089302033186
172,5668864,799.276,532,17.52,0.0,189.99,-0.0038843005895614624,10.462839126586914,0.5298106074333191,0.0016028879429654808,0.01425933837890625,0.0003,0.07658119658119658,0.9134146341463415,2.1,0.57,1.12,5.56,0.16,0.0,0.0,0.16,0.0,0.1241988468170166,4.43,160.55,0.05070534395053983
173,5701632,861.186,532,15.96,0.0,174.33,-0.0017861288506537676,7.846722602844238,0.5541256666183472,0.0025666170354270434,0.01776885986328125,0.0003,0.08934828311142257,0.9059945504087193,1.83,0.51,0.9,5.01,0.11,0.0,0.0,0.11,0.0,0.09200366526842117,3.95,151.43,0.05124971002805978
174,5734400,922.54,532,16.49,0.0,181.2,-0.0020593805238604546,8.844538688659668,0.5620776414871216,0.0005573245480547939,0.00390625,0.0003,0.1102765448958689,0.8812903225806452,2.19,0.5,0.97,5.28,0.14,0.0,0.0,0.14,0.0,0.1104583340883255,4.12,153.65,0.051982809556648135
175,5767168,983.678,532,15.77,0.0,173.21,-0.003055460285395384,8.466279983520508,0.5217517018318176,0.0008762163987086069,0.0074005126953125,0.0003,0.11295561169252977,0.8949579831932774,3.2,0.49,1.01,4.75,0.14,0.0,0.0,0.14,0.0,0.11054510712623596,4.16,144.58,0.046376703889109194
176,5799936,1047.331,531,17.03,0.0,182.7,-0.0008489834144711494,9.334250450134277,0.538545548915863,0.0005700176321852268,0.00450897216796875,0.0003,0.08735244519392918,0.9053708439897699,2.08,0.49,0.96,5.33,0.12,0.0,0.0,0.12,0.02,0.07540774300694465,4.16,152.14,0.0495215505361557
177,5832704,1106.906,532,16.26,0.0,184.31,-0.002367604523897171,7.526593208312988,0.5542609691619873,0.002135445837438965,0.022430419921875,0.0003,0.08134453781512604,0.8901960784313725,2.72,0.37,0.97,5.06,0.08,0.0,0.0,0.08,0.0,0.05992441922426224,3.96,153.37,0.050267140846699476
178,5865472,1167.864,533,15.23,0.0,172.04,-0.0039800433441996574,8.48491096496582,0.5580968856811523,0.0023492346862781233,0.02135467529296875,0.0003,0.07906976744186046,0.9126506024096386,2.21,0.39,0.89,4.5,0.11,0.0,0.0,0.11,0.0,0.07962530583143235,3.72,145.27,0.04962667473591864
179,5898240,1227.449,533,17.15,0.0,194.51,-0.0019818111322820187,8.601980209350586,0.5385603904724121,0.001931145624354258,0.01851654052734375,0.0003,0.1443764099258782,0.899002493765586,2.34,0.5,1.13,5.49,0.12,0.0,0.0,0.12,0.01,0.10060727953910828,4.5,161.45,0.04620290733873844
180,5931008,1289.614,533,16.06,0.0,178.12,-0.003384309820830822,9.309269905090332,0.5405142307281494,0.0012658153805489292,0.0107421875,0.0003,0.10678949164107814,0.9154362416107382,2.07,0.39,1.02,5.01,0.07,0.0,0.0,0.07,0.01,0.05775000035762787,4.0,147.7,0.050459664897061884
181,5963776,1349.933,534,15.51,0.0,170.98,-0.0031107058748602867,9.093198776245117,0.5337125062942505,0.0008357043296314259,0.00726318359375,0.0003,0.13460857244066596,0.92524682651622,2.52,0.42,0.89,4.79,0.08,0.0,0.0,0.08,0.0,0.05971220940351486,3.7,143.58,0.04715192725416273
182,5996544,1409.792,534,17.21,0.0,189.33,-0.002063487656414509,9.823617935180664,0.51448655128479,0.0012168524152684768,0.01194000244140625,0.0003,0.13399339933993398,0.9319899244332494,2.33,0.51,1.01,5.2,0.11,0.0,0.0,0.11,0.0,0.08154965609312058,4.41,159.64,0.04893126222305
183,6029312,1465.222,536,17.13,0.0,193.84,-0.004639598540961742,9.73670768737793,0.5353376269340515,0.0019931667278569876,0.0206756591796875,0.0003,0.12382149591451917,0.9359430604982206,2.61,0.51,1.0,5.6,0.09,0.0,0.0,0.09,0.02,0.06278101757168769,4.26,161.66,0.04326624993700534
184,6062080,1524.557,537,16.77,0.0,184.05,-0.0017408286221325397,8.449618339538574,0.5539343357086182,0.001030305409855714,0.0100555419921875,0.0003,0.14774596906877263,0.9008782936010038,2.26,0.42,1.06,5.12,0.1,0.0,0.0,0.1,0.01,0.08125856906175613,4.34,156.11,0.04377698583994061
185,6094848,1581.643,538,16.32,0.0,189.23,-0.004394599236547947,8.696410179138184,0.5377475619316101,0.0011012516346085022,0.0098876953125,0.0003,0.16025215660252157,0.9074074074074074,1.69,0.32,1.06,5.31,0.11,0.0,0.0,0.11,0.0,0.09125365257263184,4.32,153.63,0.05264926329255104
186,6127616,1640.884,539,15.5,0.0,175.03,-0.004727443214505911,9.167743682861328,0.5543228387832642,0.002163008112404441,0.02236175537109375,0.0003,0.13596644529884655,0.9148629148629148,2.22,0.31,1.04,4.89,0.08,0.0,0.0,0.08,0.03,0.06758496701717377,4.29,141.79,0.04929245274979621
187,6160384,1697.743,540,16.04,0.0,182.2,-0.005261438898742199,8.687732696533203,0.5704410672187805,0.003271260395678155,0.02997589111328125,0.0003,0.14276294098252557,0.9168937329700273,1.85,0.41,0.99,5.04,0.02,0.0,0.0,0.02,0.0,0.018125,4.13,146.97,0.04728555143810809
188,6193152,1758.572,540,17.0,0.0,188.05,-0.00476588262245059,8.822267532348633,0.5260841846466064,0.0021699509769064207,0.02138519287109375,0.0003,0.14103425117528542,0.9366754617414248,2.69,0.32,1.21,5.2,0.07,0.0,0.0,0.07,0.01,0.04927175432443619,4.25,153.76,0.0478453777031973
189,6225920,1817.244,540,16.1,0.0,179.41,-0.004095457494258881,10.170141220092773,0.5600385665893555,0.001882588909666083,0.0188751220703125,0.0003,0.18887015177065766,0.9228723404255319,2.73,0.43,1.06,4.88,0.07,0.0,0.0,0.07,0.01,0.046168956458568576,4.19,152.53,0.04945474024862051
190,6258688,1879.873,540,16.38,0.0,179.21,-0.002779514528810978,7.944205284118652,0.5274626016616821,0.001111984682779621,0.00965118408203125,0.0003,0.1466346153846154,0.922972972972973,2.79,0.35,1.12,4.97,0.13,0.0,0.0,0.13,0.0,0.09883136160671711,4.44,149.55,0.05230344785377383
191,6291456,1940.705,540,15.21,0.0,167.53,-0.004560389090329409,8.861509323120117,0.5434541702270508,0.00158132829452029,0.01532745361328125,0.0003,0.14595588235294119,0.9159420289855073,1.91,0.36,1.04,4.74,0.06,0.0,0.0,0.06,0.01,0.05332352936267853,3.85,144.42,0.04558689321856946
192,6324224,2000.479,540,17.34,0.0,195.08,-0.003945379517972469,9.281293869018555,0.5265135765075684,0.0029584666845039465,0.0289306640625,0.0003,0.1556811048336472,0.9406565656565656,2.04,0.43,1.17,5.48,0.16,0.0,0.0,0.16,0.0,0.12582325398921967,4.37,157.38,0.048136304365471005
193,6356992,2064.394,539,16.89,0.0,188.36,-0.0035423366352915764,8.690055847167969,0.5521533489227295,0.0036656000316952486,0.03199005126953125,0.0003,0.17293729372937294,0.9197452229299363,2.39,0.4,1.21,5.31,0.15,0.0,0.0,0.15,0.01,0.11193306863307953,4.36,154.16,0.048155267257243395
194,6389760,2126.549,539,14.48,0.0,162.46,-0.0034060869365930557,9.580570220947266,0.5774732828140259,0.002028945554826578,0.017333984375,0.0003,0.19794344473007713,0.9101796407185628,2.0,0.32,0.83,4.74,0.13,0.0,0.0,0.13,0.0,0.10795084297657014,3.73,141.89,0.048678768100216985
195,6422528,2190.77,538,16.73,0.0,181.43,-0.005128371529281139,9.381965637207031,0.5460443496704102,0.0030924479781333503,0.029022216796875,0.0003,0.23529411764705882,0.9202614379084967,2.08,0.57,1.09,5.03,0.13,0.0,0.0,0.13,0.0,0.10670833349227905,4.3,155.07,0.04722755914554
196,6455296,2256.506,537,15.66,0.0,172.13,-0.00402547512203455,11.851694107055664,0.5809629559516907,0.0035257856249018005,0.03284454345703125,0.0003,0.20658263305322128,0.9406207827260459,1.71,0.36,0.94,4.83,0.05,0.0,0.0,0.05,0.0,0.03984090179204941,4.03,147.28,0.04790038405917585
197,6488064,2316.006,537,15.27,0.0,168.05,-0.002430180087685585,11.423233032226562,0.559711754322052,0.0021474048066352225,0.023712158203125,0.0003,0.19186465082793377,0.9396914446002805,2.08,0.57,0.89,4.94,0.18,0.0,0.0,0.18,0.02,0.13986110866069792,3.94,145.52,0.05147254862822592
198,6520832,2378.074,537,15.83,0.0,175.87,-0.006561235524713993,9.372668266296387,0.5764293074607849,0.002410722603457316,0.02222442626953125,0.0003,0.19881821341675357,0.9402390438247012,1.98,0.36,1.03,4.85,0.1,0.0,0.0,0.1,0.0,0.08226580440998077,4.13,150.55,0.044594082166440785
199,6553600,2442.299,536,14.2,0.0,160.54,-0.005938762333244085,9.665008544921875,0.582651674747467,0.002453844317187759,0.023651123046875,0.0003,0.2339719970523213,0.9486404833836858,2.11,0.38,0.91,4.47,0.07,0.0,0.0,0.07,0.0,0.06340441226959229,3.62,141.45,0.04596071026753634
200,6586368,2505.185,536,14.4,0.0,167.05,-0.0019752844236791134,9.420160293579102,0.5953402519226074,0.0019818510055813476,0.0208740234375,0.0003,0.25117455728225513,0.9437229437229437,2.34,0.45,0.92,4.37,0.19,0.0,0.0,0.19,0.01,0.11553270816802978,3.53,143.76,0.05047987087164074
201,6619136,2572.668,534,16.37,0.0,179.63,-0.003249355126172304,10.221691131591797,0.5723933577537537,0.0011008349208907475,0.0099945068359375,0.0003,0.20147255689424365,0.9323607427055703,3.0,0.52,1.01,5.13,0.17,0.0,0.0,0.17,0.01,0.14248368062078953,4.07,159.04,0.04566698835697025
202,6651904,2635.047,534,15.34,0.0,174.56,-0.0020936420187354088,10.513315200805664,0.5806394815444946,0.0012596696820992292,0.01006317138671875,0.0003,0.23174931129476584,0.9539295392953929,2.14,0.47,0.83,4.85,0.14,0.0,0.0,0.14,0.0,0.11033720955252647,3.75,149.05,0.04776011290960014
203,6684672,2697.117,534,14.95,0.0,164.7,-0.004412101581692696,10.903377532958984,0.5664573311805725,0.0008072622252086603,0.0068817138671875,0.0003,0.21195452878621196,0.942090395480226,1.8,0.25,0.89,4.67,0.16,0.0,0.0,0.16,0.0,0.12195660829544068,3.88,142.65,0.048420942039228976
204,6717440,2761.291,534,15.78,0.0,171.25,-0.004026351030915976,9.358884811401367,0.563709557056427,0.0011020341005689716,0.00876617431640625,0.0003,0.18521054433413214,0.9407008086253369,1.95,0.38,1.02,4.59,0.15,0.0,0.0,0.15,0.0,0.10933977007865905,4.16,152.82,0.046006911783479154
205,6750208,2826.38,533,14.59,0.0,162.11,-0.0037565836682915688,11.100536346435547,0.6002137660980225,0.0016889218093183445,0.0164031982421875,0.0003,0.2648787656135195,0.9454277286135693,2.71,0.32,0.88,4.53,0.13,0.0,0.0,0.13,0.0,0.11155083239078521,3.58,142.65,0.04577312327455729
206,6782976,2888.319,533,16.76,0.0,191.55,-0.004896488040685654,11.552151679992676,0.5869827270507812,0.0019391956300864877,0.02044677734375,0.0003,0.24968474148802017,0.9470284237726099,2.74,0.47,1.15,5.08,0.12,0.0,0.0,0.12,0.0,0.09537500083446503,4.32,160.87,0.050556418718770146
207,6815744,2952.415,532,16.39,0.0,179.1,-0.003356463275849819,9.75563907623291,0.5649020671844482,0.0020358540851219686,0.01984405517578125,0.0003,0.17214503558115893,0.9553805774278216,3.21,0.51,0.98,4.99,0.16,0.0,0.0,0.16,0.02,0.10937581673264503,3.92,152.08,0.05297567695379257
208,6848512,3016.59,532,16.47,0.0,180.37,-0.002372393384575844,8.673768997192383,0.5728026628494263,0.0011260900888316883,0.01078033447265625,0.0003,0.21353482260183967,0.9191270860077022,2.65,0.33,1.01,4.82,0.18,0.0,0.0,0.18,0.01,0.15261216938495636,4.33,155.44,0.048464624444022775
209,6881280,3079.776,531,15.52,0.0,172.89,-0.0018147288355976343,10.576330184936523,0.5630173683166504,0.0025222137743980966,0.02404022216796875,0.0003,0.22364672364672364,0.9501424501424501,2.35,0.41,0.86,4.21,0.1,0.0,0.0,0.1,0.03,0.08439867198467255,4.08,146.38,0.049006134970113635
210,6914048,3140.246,532,16.26,0.0,180.56,-0.007055304478853941,11.240865707397461,0.5837233066558838,0.0033485514359767876,0.03287506103515625,0.0003,0.19865771812080538,0.944300518134715,2.34,0.54,1.14,4.88,0.16,0.0,0.0,0.16,0.0,0.1329640793800354,4.22,153.1,0.04149651783518493
211,6946816,3199.363,532,16.2,0.0,186.32,0.00029094889760017395,10.397022247314453,0.5545940399169922,0.0028226779973294924,0.028533935546875,0.0003,0.18236472945891782,0.9313984168865436,2.88,0.42,1.22,4.81,0.19,0.0,0.0,0.19,0.01,0.1446421265602112,4.4,152.94,0.048540358897298574
212,6979584,3262.373,532,15.78,0.0,182.21,-0.0023490991443395615,10.30347728729248,0.5921058058738708,0.006667209964817289,0.0476226806640625,0.0003,0.22170594092266843,0.9307479224376731,2.48,0.31,1.01,4.77,0.1,0.0,0.0,0.1,0.04,0.0802260285615921,4.09,151.19,0.04077780514489859
213,7012352,3325.083,532,17.27,0.0,190.45,-0.00635443814098835,11.551108360290527,0.5663464069366455,0.002703110190168445,0.026214599609375,0.0003,0.1642512077294686,0.947103274559194,3.15,0.32,1.17,5.12,0.13,0.0,0.0,0.13,0.0,0.0966911768913269,4.58,158.07,0.04583405260927975
214,7045120,3381.79,532,16.18,0.0,181.68,-0.0010631394106894732,9.444066047668457,0.5902305841445923,0.003997636205212984,0.03730010986328125,0.0003,0.21558270056124135,0.9529569892473119,2.14,0.32,0.9,4.8,0.11,0.0,0.0,0.11,0.02,0.0827499994635582,4.01,154.05,0.05024167231749743
215,7077888,3443.09,532,15.76,0.0,173.46,-0.003725954331457615,10.06705093383789,0.5596803426742554,0.002272001107314736,0.0251312255859375,0.0003,0.12378303198887343,0.9193548387096774,3.03,0.38,0.91,4.4,0.08,0.0,0.0,0.08,0.02,0.05775000035762787,3.97,146.74,0.05041694222018123
216,7110656,3501.67,533,16.85,0.0,189.09,-0.003524777013808489,11.337180137634277,0.5566809773445129,0.0021135532316520766,0.0193023681640625,0.0003,0.14147286821705427,0.9358490566037736,2.45,0.43,1.16,4.61,0.11,0.0,0.0,0.11,0.02,0.08862499974668026,4.52,156.05,0.047662524855695665
217,7143424,3562.806,533,16.45,0.0,182.04,-0.004602443426847458,8.906185150146484,0.5842382311820984,0.002917993845073852,0.02716827392578125,0.0003,0.1604026845637584,0.9486842105263158,2.68,0.44,1.02,5.03,0.14,0.0,0.0,0.14,0.03,0.10396323472261429,4.09,152.01,0.04380876536015421
218,7176192,3623.933,533,15.88,0.0,175.36,-0.002081430982798338,10.173473358154297,0.5672463774681091,0.004315066761193975,0.03977203369140625,0.0003,0.14100315678709224,0.9532967032967034,2.24,0.28,0.91,4.54,0.15,0.0,0.0,0.15,0.05,0.13407908618450165,3.95,147.27,0.049875834258273244
219,7208960,3686.049,533,16.87,0.0,185.69,-0.005323503166437149,9.185064315795898,0.5732148885726929,0.0013548698057661568,0.0133819580078125,0.0003,0.14333444704310055,0.9325699745547074,2.52,0.47,1.02,4.75,0.11,0.0,0.0,0.11,0.03,0.09164065897464752,4.33,155.27,0.04411477467510849
220,7241728,3745.693,533,16.31,0.0,192.15,-0.004010765813291073,9.171134948730469,0.5813244581222534,0.0033413863202440552,0.02999114990234375,0.0003,0.14121663563004344,0.9367588932806324,2.23,0.28,1.11,4.33,0.12,0.0,0.0,0.12,0.0,0.09539220869541168,4.21,154.28,0.042522991891019046
221,7274496,3805.45,533,16.1,0.0,180.29,-0.0075339460745453835,10.157245635986328,0.5924137234687805,0.0020559397858619377,0.02246856689453125,0.0003,0.2023770221195114,0.9333333333333333,2.54,0.43,0.91,4.65,0.07,0.0,0.0,0.07,0.02,0.05268367379903793,4.06,150.09,0.04698677523992956
222,7307264,3866.731,533,15.65,0.0,178.89,-0.004865202587097883,10.930444717407227,0.5949419736862183,0.0034806818541710527,0.0352020263671875,0.0003,0.19016729259132809,0.94141689373297,2.28,0.26,1.06,4.22,0.06,0.0,0.0,0.06,0.04,0.04561764717102051,4.17,143.33,0.04020235047210008
223,7340032,3925.187,534,16.06,0.0,181.61,0.0001084422692656517,10.080458641052246,0.533936619758606,0.003501378159654678,0.0330810546875,0.0003,0.2141427618412275,0.9470967741935484,2.68,0.45,0.88,4.64,0.2,0.0,0.0,0.2,0.03,0.14731446906924248,4.08,153.08,0.048056341940537095
224,7372800,3985.983,534,17.03,0.0,191.84,-0.005157546605914831,11.871004104614258,0.5616226196289062,0.0025563404183372995,0.026519775390625,0.0003,0.1887771650989296,0.9448717948717948,2.7,0.36,1.16,4.95,0.13,0.0,0.0,0.13,0.04,0.09003413900732994,4.66,156.97,0.04396375815849751
225,7405568,4050.31,533,15.88,0.0,180.82,-0.0023642689920961857,12.024614334106445,0.580167829990387,0.0021620202307701675,0.02045440673828125,0.0003,0.18603066439522997,0.9523809523809523,2.86,0.37,0.92,4.69,0.1,0.0,0.0,0.1,0.02,0.0690111868083477,3.99,152.03,0.04431359749287367
226,7438336,4114.78,533,16.55,0.0,189.33,-0.003913122229278088,9.409111976623535,0.5838539600372314,0.0010949329451364065,0.009796142578125,0.0003,0.19003931847968544,0.9594240837696335,2.8,0.38,1.11,4.96,0.11,0.0,0.0,0.11,0.07,0.09901470601558686,4.28,154.78,0.040556034771725535
227,7471104,4176.959,533,17.86,0.0,196.8,-0.007038031239062548,10.963578224182129,0.5431201457977295,0.002437591578370757,0.0223846435546875,0.0003,0.1898932831136221,0.9573732718894009,2.95,0.31,1.22,5.27,0.07,0.0,0.0,0.07,0.02,0.054124999642372135,4.92,169.24,0.04708789451979101
228,7503872,4243.153,532,15.64,0.0,173.66,-0.004074416123330593,10.037044525146484,0.57435142993927,0.0018255316287536516,0.0167999267578125,0.0003,0.15295764788239413,0.9493333333333334,2.83,0.4,0.78,4.55,0.1,0.0,0.0,0.1,0.06,0.0829843246936798,3.77,143.81,0.044679397135041654
229,7536640,4304.191,532,17.28,0.0,190.9,-0.002220822498202324,10.974430084228516,0.5804529786109924,0.0008253264133486482,0.00768280029296875,0.0003,0.16698352344740178,0.9516539440203562,2.71,0.44,1.09,4.89,0.12,0.0,0.0,0.12,0.03,0.0926141032576561,4.41,164.39,0.04766832909081131
230,7569408,4365.874,532,14.94,0.0,160.06,-0.006446223706007004,9.432490348815918,0.6052350401878357,0.003051373164623783,0.02718353271484375,0.0003,0.1736641221374046,0.9664723032069971,2.04,0.3,0.74,4.23,0.11,0.0,0.0,0.11,0.06,0.08788235276937485,3.58,140.07,0.04717088001780212
231,7602176,4423.448,533,16.27,0.0,183.02,-0.00012623285874724388,9.057456970214844,0.5841892957687378,0.00793113198693618,0.051910400390625,0.0003,0.2061752988047809,0.9560723514211886,2.28,0.31,1.09,4.78,0.11,0.0,0.0,0.11,0.06,0.08443647921085358,4.09,153.57,0.05005503538995981
232,7634944,4483.316,533,15.82,0.0,168.75,-0.004844327457249165,9.779287338256836,0.5854668617248535,0.0009132877220210389,0.00847625732421875,0.0003,0.21624588364434688,0.9640804597701149,2.18,0.35,0.85,4.52,0.09,0.0,0.0,0.09,0.07,0.07712499976158142,3.86,145.39,0.05621421441901475
233,7667712,4548.528,533,15.41,0.0,175.56,-0.0053044394589960575,9.460986137390137,0.615958571434021,0.0023212818914544187,0.0219573974609375,0.0003,0.23673469387755103,0.9499341238471674,1.23,0.38,0.92,4.3,0.03,0.0,0.0,0.03,0.04,0.024375,3.83,145.61,0.04604336537886411
234,7700480,4608.871,533,16.86,0.0,181.74,-0.0016735000535845757,11.446540832519531,0.602928638458252,0.0036352299810005206,0.0337066650390625,0.0003,0.1990521327014218,0.9596879063719116,3.36,0.41,0.96,4.83,0.05,0.0,0.0,0.05,0.05,0.0427719783782959,4.13,152.35,0.04795569903217256
235,7733248,4670.37,533,15.46,0.0,172.33,-0.00779148330911994,9.268057823181152,0.5715415477752686,0.0019417233275760282,0.01714324951171875,0.0003,0.17141863699582754,0.97054698457223,3.03,0.21,0.89,4.5,0.12,0.0,0.0,0.12,0.04,0.0795955890417099,3.55,148.18,0.049124330282211304
236,7766016,4734.902,532,15.44,0.0,168.5,-0.004178131464868784,9.560331344604492,0.6015748977661133,0.0013779902728288107,0.01287841796875,0.0003,0.18002915451895043,0.9637883008356546,3.3,0.3,0.84,4.41,0.09,0.0,0.0,0.09,0.03,0.07672406315803527,3.63,146.5,0.04801629076246172
237,7798784,4793.574,533,16.75,0.0,180.39,-0.006632965058088303,11.233769416809082,0.5704346299171448,0.001760326731925943,0.01731109619140625,0.0003,0.19479201893811296,0.9457070707070707,2.87,0.31,0.91,4.92,0.1,0.0,0.0,0.1,0.08,0.0708812141418457,4.09,149.34,0.046288609388284385
238,7831552,4854.308,533,16.98,0.0,185.92,-0.004423428326845169,9.219120025634766,0.5664648413658142,0.0015502906704227826,0.01677703857421875,0.0003,0.18398692810457518,0.968019680196802,2.05,0.34,0.95,4.92,0.08,0.0,0.0,0.08,0.01,0.06320053458213806,4.24,154.16,0.045948504470288754
239,7864320,4915.588,533,16.91,0.0,184.63,-0.0033168946392834187,10.05252742767334,0.5685834288597107,0.0012635780682899167,0.0120086669921875,0.0003,0.2220356063150823,0.9679075738125802,2.38,0.45,1.06,5.15,0.11,0.0,0.0,0.11,0.05,0.07965988337993622,4.5,158.5,0.047010828857310116
240,7897088,4979.121,533,14.81,0.0,165.72,-0.0024114279076457024,9.736257553100586,0.5967057943344116,0.0026623683386901575,0.02872467041015625,0.0003,0.21605839416058395,0.9669540229885057,2.84,0.29,0.76,4.3,0.1,0.0,0.0,0.1,0.08,0.08764511585235596,3.62,142.28,0.04677165567409247
241,7929856,5040.275,533,17.89,0.0,192.12,-0.0034503848291933537,10.778081893920898,0.5341184139251709,0.0022257255905060447,0.020477294921875,0.0003,0.15673076923076923,0.9668304668304668,3.16,0.45,1.03,5.04,0.11,0.0,0.0,0.11,0.05,0.08913514561951161,4.63,161.21,0.04618483642116189
242,7962624,5101.643,533,16.56,0.0,183.52,-0.0046211290173232555,9.566795349121094,0.5558013916015625,0.0024569132730789534,0.0261077880859375,0.0003,0.17920427950518222,0.9565772669220945,2.32,0.41,0.91,4.93,0.1,0.0,0.0,0.1,0.07,0.08758088290691375,3.98,151.66,0.04295220586936921
243,7995392,5163.891,533,15.38,0.0,172.7,-0.0025762300938367844,10.3692626953125,0.5583193302154541,0.001826350365035978,0.01702117919921875,0.0003,0.19222689075630253,0.9770580296896086,2.29,0.3,0.87,4.5,0.1,0.0,0.0,0.1,0.03,0.07302906394004821,3.9,150.71,0.04650735657196492
244,8028160,5225.092,533,15.98,0.0,173.79,-0.005014991387724876,10.705526351928711,0.5480769872665405,0.003567898697099281,0.03179168701171875,0.0003,0.18858131487889274,0.9690026954177897,2.8,0.4,0.98,4.69,0.11,0.0,0.0,0.11,0.04,0.07762378111481666,4.02,148.45,0.043013386079110205
245,8060928,5285.598,533,17.13,0.0,194.72,-0.0036640632897615433,9.1378173828125,0.527641773223877,0.003915575078508482,0.0372314453125,0.0003,0.20583571202029813,0.9724550898203593,2.37,0.38,1.01,5.44,0.12,0.0,0.0,0.12,0.02,0.1025356262922287,4.44,155.62,0.040825149160809815
246,8093696,5346.594,533,15.41,0.0,170.99,-0.005264461040496826,9.589744567871094,0.5480195879936218,0.0025869504063962268,0.025421142578125,0.0003,0.1670205237084218,0.9718120805369127,2.28,0.3,1.07,4.6,0.1,0.0,0.0,0.1,0.04,0.07987499967217446,4.04,146.28,0.04685276607051492
247,8126464,5406.535,533,17.6,0.0,186.3,-0.00527459941804409,9.272049903869629,0.5448921322822571,0.0015863135897120628,0.0147552490234375,0.0003,0.14883720930232558,0.9578686493184635,2.33,0.37,1.19,5.1,0.16,0.0,0.0,0.16,0.03,0.12824127942323685,4.57,158.42,0.04616437153890729
248,8159232,5469.029,533,15.43,0.0,171.51,-0.0040842220187187195,9.081843376159668,0.5295233726501465,0.0029606837697429,0.02617645263671875,0.0003,0.16163410301953818,0.9585062240663901,2.26,0.29,0.99,4.56,0.13,0.0,0.0,0.13,0.02,0.10864798814058303,3.65,145.3,0.04256156424526125
249,8192000,5529.285,533,16.3,0.0,178.47,-0.0009661568328738213,9.332024574279785,0.5588964223861694,0.002668677414646936,0.02654266357421875,0.0003,0.188135593220339,0.9565217391304348,2.6,0.37,0.97,4.78,0.1,0.0,0.0,0.1,0.05,0.07128376454114914,4.26,149.75,0.048607871984131634
250,8224768,5590.205,533,16.74,0.0,185.14,-0.0034343574661761522,12.059011459350586,0.5309789180755615,0.0011745610074243018,0.010650634765625,0.0003,0.1833887043189369,0.964735516372796,2.54,0.39,0.91,4.74,0.16,0.0,0.0,0.16,0.04,0.1217057877779007,4.12,154.38,0.04731049505062401
251,8257536,5651.95,533,16.51,0.0,180.64,-0.0035401005297899246,12.16366195678711,0.5701591372489929,0.0024538231226642893,0.02309417724609375,0.0003,0.2295640326975477,0.9619771863117871,2.37,0.4,0.99,4.96,0.15,0.0,0.0,0.15,0.01,0.10531725823879241,4.09,151.77,0.05564626003615558
252,8290304,5711.181,533,15.83,0.0,184.7,-0.0013735797256231308,10.211725234985352,0.569105863571167,0.0009701161765747202,0.0086669921875,0.0003,0.2006048387096774,0.9601542416452442,2.04,0.33,0.96,4.54,0.1,0.0,0.0,0.1,0.03,0.07154937028884888,4.06,152.39,0.04650215350557119
253,8323072,5774.495,533,16.33,0.0,178.77,-0.0037568481639027596,12.765654563903809,0.5719139575958252,0.0015959565955085964,0.01557159423828125,0.0003,0.19797131864288212,0.9671916010498688,2.27,0.32,0.96,4.9,0.12,0.0,0.0,0.12,0.02,0.09419476717710495,4.27,152.45,0.049957055249251425
254,8355840,5836.029,533,17.42,0.0,189.31,-0.006474020890891552,11.18855094909668,0.5378577709197998,0.001098682967494824,0.00994873046875,0.0003,0.16742522756827047,0.9541511771995044,2.57,0.7,0.97,4.97,0.09,0.0,0.0,0.09,0.01,0.07159312963485717,4.53,160.74,0.046666244277730584
255,8388608,5896.618,533,17.25,0.0,192.94,-0.008944784291088581,10.236944198608398,0.5457298755645752,0.0036344557188385807,0.03163909912109375,0.0003,0.2626230549380756,0.9675,2.2,0.3,1.16,5.04,0.11,0.0,0.0,0.11,0.04,0.08944275200366975,4.3,159.61,0.04093871987424791
256,8421376,5961.532,533,17.34,0.0,190.42,-0.007166948635131121,10.405728340148926,0.5665246248245239,0.003807528305685537,0.03948974609375,0.0003,0.18004477134633834,0.9670886075949368,2.21,0.49,1.07,4.93,0.13,0.0,0.0,0.13,0.04,0.10093467831611633,4.62,160.13,0.04676881176419556
257,8454144,6022.054,533,15.88,0.0,178.31,-0.005509691312909126,8.507804870605469,0.5494515895843506,0.001746718951864068,0.01810455322265625,0.0003,0.20555367422959703,0.9682758620689655,2.07,0.3,1.08,4.55,0.17,0.0,0.0,0.17,0.01,0.1268287009000778,4.06,149.67,0.048702417057938874
258,8486912,6082.689,533,16.17,0.0,184.78,-0.005900437943637371,9.651450157165527,0.5551692247390747,0.001608537662249887,0.01619720458984375,0.0003,0.1782145236508994,0.9668367346938775,2.19,0.41,1.06,4.82,0.15,0.0,0.0,0.15,0.01,0.11789918042719365,4.12,149.59,0.045223013614304364
259,8519680,6145.408,533,17.67,0.0,191.92,-0.003751511685550213,11.065855026245117,0.5254467725753784,0.0029385347385755267,0.03082275390625,0.0003,0.1718032786885246,0.9679012345679012,2.22,0.38,1.05,4.87,0.13,0.0,0.0,0.13,0.01,0.11027017652988434,4.58,156.71,0.05002521013375372
260,8552448,6208.632,533,16.32,0.0,176.55,-0.0049558463506400585,12.618257522583008,0.5575292110443115,0.0036970261900819423,0.030517578125,0.0003,0.1690871369294606,0.9665775401069518,3.12,0.45,1.04,4.88,0.12,0.0,0.0,0.12,0.0,0.10043872565031052,4.1,150.82,0.040201752563007176
261,8585216,6267.049,533,17.16,0.0,194.16,-0.005199464038014412,11.244667053222656,0.5479650497436523,0.004144476146677789,0.03809356689453125,0.0003,0.1631909963588216,0.9695121951219512,2.92,0.29,0.99,4.98,0.11,0.0,0.0,0.11,0.04,0.09530555576086044,4.35,156.66,0.03862725954968482
262,8617984,6325.884,533,17.23,0.0,195.16,-0.005741829052567482,10.164783477783203,0.5622700452804565,0.005252509020323259,0.0433502197265625,0.0003,0.13397435897435897,0.9716748768472906,2.38,0.39,1.09,5.02,0.13,0.0,0.0,0.13,0.0,0.0862270574271679,4.52,155.82,0.04193394293542951
263,8650752,6387.081,533,17.51,0.0,192.44,-0.007114584557712078,10.747267723083496,0.5421575307846069,0.009375552545009214,0.07779693603515625,0.0003,0.12516170763260026,0.9651741293532339,2.0,0.36,1.13,5.02,0.18,0.0,0.0,0.18,0.0,0.13713732719421387,4.42,158.34,0.04295956261921674
264,8683520,6445.19,533,16.54,0.0,181.08,-0.004125394858419895,11.26101303100586,0.5528070330619812,0.005331194734964129,0.048614501953125,0.0003,0.12305565157276184,0.9595827900912647,2.67,0.42,1.1,4.77,0.18,0.0,0.0,0.18,0.02,0.13601113379001617,4.25,152.1,0.0493841985007748
265,8716288,6506.134,533,17.65,0.0,194.32,-0.004531397484242916,11.067065238952637,0.527970016002655,0.0028294118304472704,0.028564453125,0.0003,0.1597557055609129,0.9519112207151664,2.2,0.5,1.05,5.36,0.19,0.0,0.0,0.19,0.02,0.1603119483590126,4.39,159.37,0.04830948309972882
266,8749056,6565.218,534,17.12,0.0,188.11,-0.005836800672113895,9.20944881439209,0.5346235036849976,0.002167615120725941,0.02105712890625,0.0003,0.12318606900999678,0.9761606022584692,2.03,0.37,1.07,4.95,0.17,0.0,0.0,0.17,0.02,0.11813712015748024,4.29,156.17,0.043934891233220696
267,8781824,6624.84,534,17.49,0.0,200.65,-0.003519720397889614,10.233100891113281,0.5402740240097046,0.001061893551650428,0.01078033447265625,0.0003,0.1498200850507033,0.9635922330097088,2.63,0.37,1.15,5.34,0.08,0.0,0.0,0.08,0.03,0.07,4.42,160.14,0.04789573769085109
268,8814592,6687.467,534,17.38,0.0,195.26,-0.004801372066140175,11.018119812011719,0.5514886975288391,0.0020317578015465187,0.02146148681640625,0.0003,0.14101323007421748,0.9660194174757282,2.97,0.35,1.16,5.25,0.17,0.0,0.0,0.17,0.06,0.11366468489170074,4.53,166.0,0.04656590090598911
269,8847360,6746.901,534,17.62,0.0,196.71,-0.003911092411726713,9.059032440185547,0.5318927764892578,0.0025245365707746714,0.024749755859375,0.0003,0.125916480714058,0.9672727272727273,2.3,0.38,1.25,5.29,0.22,0.0,0.0,0.22,0.0,0.16691314697265625,4.5,163.79,0.0406492498004809
270,8880128,6811.361,533,16.14,0.0,187.57,-0.0060645705088973045,9.61474609375,0.575786828994751,0.0037409077417294156,0.03345489501953125,0.0003,0.12504282288454951,0.9668874172185431,3.47,0.31,1.26,4.82,0.17,0.0,0.0,0.17,0.01,0.1296730250120163,4.35,145.76,0.03996969829313457
271,8912896,6871.608,534,16.15,0.0,177.24,-0.0021703392267227173,10.58436393737793,0.5836385488510132,0.002002093092812629,0.02042388916015625,0.0003,0.1397395283350933,0.9722991689750693,2.69,0.23,1.08,4.78,0.12,0.0,0.0,0.12,0.02,0.07937500044703484,4.16,145.45,0.04453661001753062
272,8945664,6936.754,533,16.74,0.0,181.17,-0.008318673819303513,10.488313674926758,0.5971387624740601,0.0024794052108063624,0.02442169189453125,0.0003,0.17163168584969532,0.9724409448818898,2.91,0.43,0.91,4.65,0.28,0.0,0.0,0.28,0.03,0.20985539257526398,4.2,152.23,0.04304471833165735
273,8978432,7001.415,533,16.24,0.0,185.66,-0.005305552389472723,11.832559585571289,0.582335352897644,0.0021831448974012346,0.0236968994140625,0.0003,0.16705259675818723,0.9565789473684211,2.65,0.4,1.09,4.72,0.18,0.0,0.0,0.18,0.01,0.12646853119134904,4.11,152.92,0.04871397966053337
274,9011200,7064.543,533,17.9,0.0,200.35,-0.006768868770450354,9.864421844482422,0.6092448234558105,0.0031499518664759307,0.0330810546875,0.0003,0.1552482715273413,0.9712918660287081,2.75,0.4,1.16,5.1,0.2,0.0,0.0,0.2,0.01,0.16449874609708787,4.7,164.13,0.04782762937247753
275,9043968,7133.529,532,15.4,0.0,172.44,-0.004306133836507797,12.334468841552734,0.6260850429534912,0.005482424657770935,0.05188751220703125,0.0003,0.22237713489020564,0.9594594594594594,2.73,0.39,0.93,4.61,0.18,0.0,0.0,0.18,0.05,0.15135291576385498,3.91,140.07,0.04722464852966368
276,9076736,7193.606,532,14.59,0.0,169.43,-0.004796634428203106,9.708423614501953,0.6390867829322815,0.003849540224678094,0.03537750244140625,0.0003,0.24002751031636863,0.9583952451708767,1.9,0.26,0.68,4.28,0.1,0.0,0.0,0.1,0.06,0.0835220593214035,3.47,138.3,0.04286459041759372
277,9109504,7254.671,532,15.16,0.0,182.45,-0.0032465336844325066,11.611689567565918,0.6347795724868774,0.0016554823752983339,0.01505279541015625,0.0003,0.2883615084525358,0.9449793672627235,2.64,0.27,0.94,4.56,0.14,0.0,0.0,0.14,0.08,0.10739656537771225,4.07,146.54,0.0475890088127926
278,9142272,7316.56,532,15.5,0.0,179.5,-0.005183715373277664,10.52503776550293,0.613201916217804,0.0018126716742585813,0.01802825927734375,0.0003,0.25659873037086534,0.946927374301676,2.05,0.38,0.82,4.16,0.13,0.0,0.0,0.13,0.04,0.10409045904874802,3.87,147.43,0.0418447891715914
279,9175040,7378.883,532,15.37,0.0,177.03,-0.011529864743351936,12.643802642822266,0.6234216094017029,0.0034535783294700195,0.0344390869140625,0.0003,0.27129120879120877,0.9642857142857143,2.51,0.33,0.99,4.59,0.13,0.0,0.0,0.13,0.03,0.08996445178985596,4.01,148.02,0.04599204286932945
280,9207808,7441.666,532,15.69,0.0,182.77,-0.009613541886210442,10.827034950256348,0.6333808302879333,0.006723301968349915,0.0621337890625,0.0003,0.2535641547861507,0.9344490934449093,2.3,0.37,0.91,4.47,0.12,0.0,0.0,0.12,0.04,0.07398546516895294,3.88,148.42,0.043605731800198555
281,9240576,7508.262,532,15.18,0.0,171.88,-0.007157385814934969,12.301374435424805,0.5891047120094299,0.003501085082291411,0.03826904296875,0.0003,0.2601256983240223,0.9286694101508917,2.7,0.3,0.99,4.29,0.17,0.0,0.0,0.17,0.01,0.12058436542749405,3.98,142.92,0.04352271556854248
282,9273344,7565.487,532,18.03,0.0,199.39,0.01606786996126175,12.252399444580078,0.5810586810112,0.011775421253878449,0.0994873046875,0.0003,0.21174603174603174,0.9396449704142011,2.98,0.43,1.29,5.41,0.2,0.0,0.0,0.2,0.01,0.15674779921770096,4.77,160.54,0.04744071513414383
283,9306112,7628.003,532,14.15,0.0,166.36,-0.006052169483155012,10.114002227783203,0.6011590957641602,0.001717046452483828,0.01683807373046875,0.0003,0.20440251572327045,0.9566517189835575,2.66,0.26,0.82,3.82,0.12,0.0,0.0,0.12,0.05,0.08976073741912842,3.41,131.48,0.04571281000971794
284,9338880,7692.063,532,17.31,0.0,194.26,-0.007821870036423206,11.529923439025879,0.574219822883606,0.002225644952886796,0.02127838134765625,0.0003,0.1657285803627267,0.9563046192259675,2.64,0.38,1.18,4.6,0.12,0.0,0.0,0.12,0.0,0.0792399425804615,4.52,153.32,0.04335961036849767
285,9371648,7755.171,532,16.92,0.0,191.26,-0.0031401561573147774,11.000484466552734,0.5731419324874878,0.003356285617996946,0.03292083740234375,0.0003,0.17314487632508835,0.9392405063291139,2.51,0.35,1.12,4.43,0.17,0.0,0.0,0.17,0.02,0.11015508659183978,4.63,147.51,0.04206013341899961
286,9404416,7817.869,532,14.23,0.0,163.0,-0.0030575934797525406,11.688275337219238,0.6145306825637817,0.0019403206322294864,0.0209808349609375,0.0003,0.20371031038173384,0.9602356406480118,3.08,0.3,0.83,3.62,0.13,0.0,0.0,0.13,0.03,0.09715610891580581,3.6,131.62,0.049200490466319025
287,9437184,7878.496,532,14.46,0.0,174.7,-0.0040900819003582,11.40463638305664,0.6227067112922668,0.005328498628216494,0.05246734619140625,0.0003,0.27350993377483446,0.9591527987897126,2.67,0.31,0.85,3.99,0.1,0.0,0.0,0.1,0.0,0.08306944459676742,3.65,138.42,0.04396435443777591
288,9469952,7941.108,532,14.17,0.0,164.41,-0.004747236147522926,10.815738677978516,0.6294147968292236,0.007637255860657888,0.06722259521484375,0.0003,0.22940968540120185,0.9371980676328503,2.7,0.29,0.84,3.68,0.11,0.0,0.0,0.11,0.02,0.08828465133905411,3.62,134.47,0.04323362687136978
289,9502720,8003.042,532,15.49,0.0,185.48,-0.0039847781881690025,12.327218055725098,0.6029722690582275,0.004062178034644148,0.03989410400390625,0.0003,0.32356608478802995,0.9511494252873564,3.33,0.41,0.9,4.08,0.11,0.0,0.0,0.11,0.03,0.06668366745114326,4.0,144.64,0.04468963644467294
290,9535488,8064.759,532,14.56,0.0,169.85,-0.0065089501440525055,11.032855033874512,0.5860932469367981,0.003677405709964887,0.040924072265625,0.0003,0.31050688150386035,0.9437869822485208,2.81,0.46,0.89,4.03,0.09,0.0,0.0,0.09,0.02,0.07332558155059815,3.64,138.78,0.052183384890668094
291,9568256,8124.545,532,14.67,0.0,172.68,-0.003605940379202366,15.80575942993164,0.6047245860099792,0.004206482735753525,0.0392913818359375,0.0003,0.27950928381962864,0.9508928571428571,2.92,0.28,0.8,4.14,0.13,0.0,0.0,0.13,0.07,0.11061361759901046,3.7,143.21,0.049867410329170525
292,9601024,8185.501,532,15.43,0.0,178.97,-0.006525379605591297,12.503509521484375,0.5815567374229431,0.002521097577243836,0.02361297607421875,0.0003,0.22766379880873594,0.9420689655172414,2.53,0.43,0.89,4.21,0.21,0.0,0.0,0.21,0.06,0.15716490149497986,3.88,141.34,0.047679026145488024
293,9633792,8250.864,532,16.42,0.0,178.94,-0.004724521189928055,13.071063995361328,0.575333833694458,0.0044109394743259145,0.04380035400390625,0.0003,0.2698196665532494,0.9431216931216931,3.22,0.33,1.01,4.49,0.14,0.0,0.0,0.14,0.03,0.10259828969836235,4.23,148.62,0.043024743790738285
294,9666560,8312.16,532,17.45,0.0,194.21,-0.008117835968732834,13.102746963500977,0.5948828458786011,0.002930431460526961,0.02715301513671875,0.0003,0.26873464373464373,0.951278928136419,2.78,0.44,0.86,4.85,0.13,0.0,0.0,0.13,0.02,0.09735248357057572,4.57,159.19,0.041713650804013014
295,9699328,8375.603,532,15.6,0.0,176.8,-0.005516353994607925,11.693765640258789,0.5741117000579834,0.003367301316643534,0.0345001220703125,0.0003,0.21077762619372442,0.9335180055401662,2.7,0.42,0.93,4.54,0.16,0.0,0.0,0.16,0.02,0.11084924310445786,3.84,144.35,0.04727698885835707
296,9732096,8437.469,532,16.48,0.0,186.14,-0.002844200935214758,10.07693862915039,0.5890582799911499,0.002677281257206232,0.02768707275390625,0.0003,0.20984537709056486,0.9439374185136897,1.97,0.32,1.03,4.37,0.16,0.0,0.0,0.16,0.01,0.11618604719638824,4.16,153.6,0.046443664003163576
297,9764864,8498.349,532,17.55,0.0,199.35,-0.006126154214143753,13.912160873413086,0.5859891176223755,0.002278136672771325,0.02300262451171875,0.0003,0.18215962441314554,0.9504337050805453,2.97,0.43,1.1,4.63,0.09,0.0,0.0,0.09,0.0,0.057875000536441804,4.58,160.21,0.047245697351172566
298,9797632,8563.294,531,16.34,0.0,186.92,-0.0036464761942625046,11.200702667236328,0.571795642375946,0.0014639604611090817,0.013427734375,0.0003,0.18646811265781807,0.9384010484927916,2.83,0.44,0.95,4.59,0.14,0.0,0.0,0.14,0.0,0.08421053081750869,4.06,150.81,0.043389322934672236
299,9830400,8629.403,531,15.78,0.0,181.13,-0.00737248407676816,11.39584732055664,0.5811804533004761,0.0021826469961183648,0.0220184326171875,0.0003,0.15866530473272047,0.9514563106796117,2.7,0.37,1.0,4.42,0.15,0.0,0.0,0.15,0.02,0.10464476853609085,3.93,151.7,0.047264381661079824
300,9863168,8690.859,531,15.17,0.0,181.42,-0.005705506540834904,11.418479919433594,0.5769808292388916,0.0034883640258840387,0.0374298095703125,0.0003,0.21570610043815303,0.9578651685393258,2.34,0.36,1.03,4.14,0.19,0.0,0.0,0.19,0.01,0.1302961577475071,3.81,149.06,0.04882547119632363
301,9895936,8748.025,531,16.46,0.0,189.15,-0.004678027238696814,11.318365097045898,0.588875412940979,0.0026267981951377806,0.025787353515625,0.0003,0.14873622812702528,0.9465449804432855,2.58,0.33,1.14,4.64,0.13,0.0,0.0,0.13,0.01,0.09657736510038376,4.33,152.1,0.045416962006129324
302,9928704,8806.963,532,17.18,0.0,198.01,-0.0020137811079621315,11.375581741333008,0.5530351996421814,0.0036619443133076857,0.03501129150390625,0.0003,0.15764779480763216,0.9525,3.14,0.43,1.15,5.09,0.12,0.0,0.0,0.12,0.0,0.08870754517614841,4.5,160.29,0.044981167069636285
303,9961472,8869.149,532,16.51,0.0,192.67,-0.005787400994449854,12.059951782226562,0.5398670434951782,0.0030526243265285302,0.0328521728515625,0.0003,0.18152454780361757,0.961439588688946,2.28,0.38,1.06,4.63,0.18,0.0,0.0,0.18,0.01,0.1316053092479706,4.45,150.0,0.04475896817166358
304,9994240,8932.708,531,17.57,0.0,195.83,-0.008537323214113712,11.449603080749512,0.5738680362701416,0.004231912322836706,0.04070281982421875,0.0003,0.17762948840165238,0.9582309582309583,2.75,0.4,1.12,4.72,0.12,0.0,0.0,0.12,0.01,0.09617793560028076,4.73,159.66,0.053652570000849664
305,10027008,8991.675,532,16.31,0.0,185.72,-0.005397931672632694,12.144100189208984,0.5758132934570312,0.002344666682290608,0.02521514892578125,0.0003,0.17639429312581065,0.9408740359897172,2.38,0.34,0.89,4.61,0.1,0.0,0.0,0.1,0.02,0.06852434858679772,4.06,147.37,0.045879105920903385
306,10059776,9052.465,532,16.22,0.0,184.7,-0.009294209070503712,10.408580780029297,0.5493813753128052,0.0030499101550276464,0.0244903564453125,0.0003,0.17952172448635903,0.9593709043250328,2.42,0.28,1.07,4.61,0.19,0.0,0.0,0.19,0.01,0.12792149983346462,4.31,147.61,0.04254391847644001
307,10092544,9110.07,532,14.63,0.0,164.17,-0.006061290390789509,10.294321060180664,0.6151213645935059,0.003637232111998401,0.039093017578125,0.0003,0.25733382844411434,0.9525925925925925,2.42,0.31,0.85,4.25,0.22,0.0,0.0,0.22,0.01,0.16472025111317634,3.7,132.52,0.04048759560100734
308,10125312,9170.414,532,16.21,0.0,176.64,-0.005345223471522331,10.67588996887207,0.5832419991493225,0.004308453745352381,0.04604339599609375,0.0003,0.22389102340202585,0.9420485175202157,2.41,0.39,1.0,4.37,0.23,0.0,0.0,0.23,0.01,0.1760844810307026,4.27,149.77,0.04500327003188431
309,10158080,9232.887,532,14.5,0.0,165.3,-0.0061567495577037334,12.037151336669922,0.569049596786499,0.001989324147160687,0.01972198486328125,0.0003,0.25588128845457836,0.9444444444444444,3.06,0.36,0.83,3.98,0.13,0.0,0.0,0.13,0.05,0.08651867255568504,3.63,135.07,0.04226998542435467
310,10190848,9294.525,532,18.2,0.0,200.07,-0.0034087758976966143,11.426158905029297,0.5601471662521362,0.0022898523188388253,0.02161407470703125,0.0003,0.20583717357910905,0.9384057971014492,2.76,0.45,1.21,4.99,0.14,0.0,0.0,0.14,0.0,0.10007159069180488,4.97,166.83,0.04777558124624193
311,10223616,9357.621,532,17.06,0.0,196.27,-0.003321714699268341,10.367255210876465,0.5603792667388916,0.0011123500059397884,0.00977325439453125,0.0003,0.1988008835594825,0.9539800995024875,2.96,0.47,0.98,4.85,0.13,0.0,0.0,0.13,0.0,0.09831176519393921,4.47,159.91,0.048846413497813046
312,10256384,9415.305,532,17.48,0.0,193.45,-0.01049315556883812,11.300764083862305,0.5770787000656128,0.0022292585413481447,0.02193450927734375,0.0003,0.1773095623987034,0.9379562043795621,3.25,0.37,1.15,4.74,0.19,0.0,0.0,0.19,0.01,0.13539019525051116,4.59,162.14,0.04512097639963031
313,10289152,9477.153,532,16.52,0.0,186.29,-0.007940541952848434,10.28623104095459,0.576716423034668,0.002058497622442701,0.0222320556640625,0.0003,0.22999019928128062,0.9540229885057471,2.19,0.43,0.95,4.88,0.19,0.0,0.0,0.19,0.02,0.14062491476535796,4.05,151.87,0.04441041173413396
314,10321920,9537.356,532,16.73,0.0,182.48,-0.0011592814698815346,11.20447063446045,0.558110237121582,0.007326267089240446,0.05861663818359375,0.0003,0.2134020618556701,0.9261658031088082,2.13,0.37,1.04,4.69,0.27,0.0,0.0,0.27,0.02,0.1933367984741926,4.22,153.68,0.04572510870639235
315,10354688,9598.695,532,15.97,0.0,185.86,-0.00539848068729043,12.633645057678223,0.5665179491043091,0.00195906952757241,0.01934051513671875,0.0003,0.1884297520661157,0.9291338582677166,2.93,0.38,1.15,4.75,0.32,0.0,0.0,0.32,0.01,0.2195315119624138,4.42,154.77,0.043853425537236035
316,10387456,9658.776,532,17.15,0.0,191.21,-0.003542655147612095,11.712936401367188,0.5690213441848755,0.004397212286875174,0.0428619384765625,0.0003,0.223692704970949,0.9340937896070975,2.74,0.34,1.05,4.68,0.12,0.0,0.0,0.12,0.02,0.09492994487285614,4.39,156.83,0.04054502444341779
317,10420224,9719.411,532,18.47,0.0,202.41,-0.00556056248024106,13.416476249694824,0.5573403239250183,0.0029566465591983615,0.03215789794921875,0.0003,0.21480544131603924,0.9380952380952381,3.3,0.44,1.18,5.45,0.18,0.0,0.0,0.18,0.02,0.1277129402756691,4.59,168.33,0.05113400530535728
318,10452992,9784.551,532,16.4,0.0,179.81,-0.006065022200345993,9.914042472839355,0.536136269569397,0.0022690392577260354,0.0242156982421875,0.0003,0.2176056338028169,0.9418918918918919,3.12,0.38,1.03,4.49,0.18,0.0,0.0,0.18,0.03,0.1487203449010849,4.15,150.02,0.04701169754844159
319,10485760,9848.392,532,15.93,0.0,174.29,-0.006169957108795643,10.731472969055176,0.5435159802436829,0.004421660233902003,0.0389404296875,0.0003,0.17991329479768786,0.9010695187165776,2.6,0.37,1.13,4.68,0.12,0.0,0.0,0.12,0.0,0.07898076966404916,4.16,146.2,0.042412263341248035
320,10518528,9909.107,532,16.68,0.0,185.73,-0.001916578970849514,13.590431213378906,0.5506285429000854,0.0031028047586687535,0.029327392578125,0.0003,0.2162433155080214,0.9172141918528253,2.36,0.35,1.27,4.88,0.11,0.0,0.0,0.11,0.0,0.07600971758365631,4.46,152.46,0.04604435584042221
321,10551296,9965.394,532,18.19,0.0,202.75,-0.0036185849457979202,9.299720764160156,0.5321113467216492,0.0011251056043022345,0.01004791259765625,0.0003,0.19767065674538983,0.9251207729468599,2.96,0.38,1.07,5.06,0.14,0.0,0.0,0.14,0.0,0.08345514677464962,4.49,164.09,0.04333461239002645
322,10584064,10024.88,532,17.98,0.0,194.56,-0.003320026211440563,11.411048889160156,0.5362088084220886,0.0008586192857364949,0.00803375244140625,0.0003,0.17724867724867724,0.9455205811138014,2.34,0.52,1.4,5.19,0.24,0.0,0.0,0.24,0.01,0.17495351657271385,4.84,164.21,0.04641905485186726
323,10616832,10085.248,532,17.29,0.0,184.31,-0.0015249336138367653,13.084850311279297,0.5106304287910461,0.0009637923247396429,0.008575439453125,0.0003,0.18430842069665201,0.905521472392638,2.83,0.33,1.28,4.8,0.17,0.0,0.0,0.17,0.0,0.12208620727062225,4.75,156.31,0.04325648467056453
324,10649600,10143.202,533,17.01,0.0,194.16,-0.006470177322626114,10.410731315612793,0.5248706340789795,0.002648081715733497,0.0236053466796875,0.0003,0.15889407061958694,0.9263420724094882,2.39,0.35,1.23,4.99,0.18,0.0,0.0,0.18,0.0,0.1394390082359314,4.49,153.73,0.044289470883086324
325,10682368,10206.915,532,17.42,0.0,195.71,-0.003159787505865097,12.746478080749512,0.525518536567688,0.0017193232221188737,0.01963043212890625,0.0003,0.20441458733205375,0.9200477326968973,2.87,0.41,1.26,5.12,0.26,0.0,0.0,0.26,0.01,0.18891964020207525,4.67,163.96,0.050256766844540834
326,10715136,10271.365,532,16.27,0.0,178.44,-0.00716010108590126,13.133357048034668,0.5524104833602905,0.0015925455014098588,0.01450347900390625,0.0003,0.25060658578856154,0.9236947791164659,2.33,0.41,1.09,4.38,0.18,0.0,0.0,0.18,0.02,0.1294015970826149,4.25,154.27,0.04331633052788675
327,10747904,10332.234,532,16.9,0.0,181.62,-0.007492534816265106,11.675102233886719,0.5459645986557007,0.0025701366206192233,0.0268402099609375,0.0003,0.18947730398899587,0.9444444444444444,2.15,0.48,1.21,4.84,0.15,0.0,0.0,0.15,0.03,0.12055043756961822,4.44,152.81,0.04438275075517595
328,10780672,10395.531,532,17.65,0.0,198.82,-0.003433374222368002,11.023853302001953,0.5435266494750977,0.0020926581152593826,0.02069091796875,0.0003,0.16688697951090548,0.9265605875152999,2.68,0.46,1.28,4.89,0.11,0.0,0.0,0.11,0.0,0.0900485160946846,4.5,158.66,0.04500127153005451
329,10813440,10456.627,532,18.77,0.0,211.45,-0.008574485778808594,13.079878807067871,0.5473928451538086,0.0035410517291438737,0.03588104248046875,0.0003,0.19186941792423776,0.9312714776632303,2.68,0.4,1.39,5.25,0.1,0.0,0.0,0.1,0.01,0.07427584417164326,5.26,168.76,0.04338700498919934
330,10846208,10516.832,532,18.48,0.0,210.14,-0.006514007691293955,13.191671371459961,0.5567890405654907,0.0032920554536985946,0.034027099609375,0.0003,0.23125948406676783,0.9369266055045872,3.04,0.39,1.4,5.41,0.16,0.0,0.0,0.16,0.0,0.12854255318641664,4.97,165.67,0.043269765679724514
331,10878976,10578.721,532,17.08,0.0,195.18,-0.006462317891418934,13.34171199798584,0.5610148310661316,0.0018222406606582808,0.01656341552734375,0.0003,0.2199618563254927,0.931119311193112,2.8,0.48,1.23,4.7,0.18,0.0,0.0,0.18,0.02,0.1475095522403717,4.6,162.13,0.05051711748819798
332,10911744,10636.965,532,16.79,0.0,188.65,-0.0037926621735095978,12.137822151184082,0.5547213554382324,0.003291940970481022,0.032745361328125,0.0003,0.2231296961777197,0.9467680608365019,2.63,0.45,1.25,4.62,0.18,0.0,0.0,0.18,0.01,0.12353339307010174,4.57,156.46,0.0448455746518448
333,10944512,10696.818,533,16.09,0.0,181.36,-0.007214980199933052,12.347881317138672,0.5822034478187561,0.0025354838487032794,0.0263671875,0.0003,0.24865951742627346,0.9192462987886945,2.15,0.37,1.16,4.58,0.16,0.0,0.0,0.16,0.01,0.12033288776874543,4.23,150.2,0.0481608867412433
334,10977280,10755.503,533,16.73,0.0,188.75,-0.006130704190582037,13.401433944702148,0.5561831593513489,0.0026046050363106588,0.02811431884765625,0.0003,0.34431040104336486,0.917098445595855,2.82,0.51,1.12,4.66,0.12,0.0,0.0,0.12,0.02,0.09166494190692902,4.72,160.26,0.0456124187912792
335,11010048,10817.306,533,15.65,0.0,183.6,-0.008299145847558975,12.849037170410156,0.5587255954742432,0.003408602735412103,0.03162384033203125,0.0003,0.3448049819731236,0.923784494086728,2.68,0.42,1.13,4.52,0.23,0.0,0.0,0.23,0.01,0.19280606985092164,4.27,155.91,0.04591864359099418
336,11042816,10876.47,533,18.19,0.0,230.59,-0.00353360828012228,12.107357025146484,0.590537965297699,0.0062375312844551445,0.06073760986328125,0.0003,0.25045648204503956,0.9303423848878394,2.44,0.43,1.37,5.58,0.33,0.0,0.0,0.33,0.03,0.24196446388959886,4.93,173.11,0.0462101143784821
337,11075584,10935.179,533,14.74,0.0,166.0,-0.0044335657730698586,12.590387344360352,0.5860624313354492,0.001726374937362607,0.01848602294921875,0.0003,0.29239130434782606,0.9426470588235294,2.15,0.38,0.91,4.05,0.12,0.0,0.0,0.12,0.02,0.09317647218704224,3.93,143.97,0.04344913037493825
338,11108352,11001.951,533,15.25,0.0,178.45,-0.0049975235015153885,13.006757736206055,0.5848405361175537,0.005180277614002193,0.048248291015625,0.0003,0.33852544132917967,0.9269340974212035,2.16,0.3,0.89,4.25,0.07,0.0,0.0,0.07,0.03,0.052661764919757846,3.96,145.16,0.047762294416315854
339,11141120,11064.493,533,14.81,0.0,167.43,-0.002935439348220825,14.236198425292969,0.5750996470451355,0.004307690067690828,0.04140472412109375,0.0003,0.24558876485415918,0.9372325249643366,2.07,0.32,1.06,4.0,0.12,0.0,0.0,0.12,0.0,0.09279547199606895,3.91,144.65,0.04264719528146088
340,11173888,11132.452,532,15.77,0.0,175.56,-0.005292102694511414,12.406610488891602,0.567112147808075,0.0014441359506349727,0.01409149169921875,0.0003,0.24095563139931742,0.9191374663072777,2.24,0.32,1.15,4.44,0.13,0.0,0.0,0.13,0.0,0.09829360455274581,4.33,149.71,0.045662461780011654
341,11206656,11192.614,532,16.24,0.0,180.56,-0.002562333829700947,11.737825393676758,0.5750696659088135,0.0011754550689602183,0.00911712646484375,0.0003,0.2150170648464164,0.9267973856209151,2.25,0.47,1.1,4.52,0.18,0.0,0.0,0.18,0.0,0.13160622715950013,4.3,153.29,0.04213168495334685
342,11239424,11251.647,532,16.82,0.0,191.21,-0.0031424653716385365,12.778560638427734,0.5538024306297302,0.0009313717905001795,0.00814056396484375,0.0003,0.1963272120200334,0.933997509339975,2.68,0.4,1.18,4.77,0.19,0.0,0.0,0.19,0.0,0.13505122035741807,4.48,156.53,0.045552612747997046
343,11272192,11310.346,533,16.31,0.0,180.07,-0.0027064885944128036,11.904276847839355,0.5561870336532593,0.00350920839423452,0.03752899169921875,0.0003,0.21819402484055053,0.9239130434782609,2.32,0.33,0.86,4.34,0.15,0.0,0.0,0.15,0.0,0.11344223380088807,4.02,150.39,0.04506897565443069
344,11304960,11367.455,533,16.72,0.0,190.25,-0.007093358319252729,10.392486572265625,0.5460585951805115,0.002280417327028772,0.02264404296875,0.0003,0.2134107027724049,0.9362244897959183,2.26,0.46,1.12,4.83,0.19,0.0,0.0,0.19,0.0,0.15684339106082917,4.43,154.78,0.043200221261940897
345,11337728,11423.954,533,17.9,0.0,198.41,-0.00784735195338726,13.530342102050781,0.5501226186752319,0.0018532012342120652,0.01757049560546875,0.0003,0.1674135723431498,0.933649289099526,2.75,0.41,1.3,5.0,0.22,0.0,0.0,0.22,0.02,0.1712373324483633,4.8,166.01,0.044142934028059244
346,11370496,11485.556,533,18.33,0.0,205.54,-0.004345068708062172,11.486116409301758,0.5393393039703369,0.001992430471204898,0.0192718505859375,0.0003,0.18262737875997545,0.9460067491563554,2.35,0.54,1.25,4.9,0.14,0.0,0.0,0.14,0.0,0.10516666650772094,5.04,166.93,0.04382438526954502
347,11403264,11543.953,533,16.69,0.0,182.81,-0.0038530053570866585,11.167655944824219,0.5750393867492676,0.005362868793781672,0.05013275146484375,0.0003,0.17656988521269412,0.9089709762532981,2.62,0.52,1.11,4.87,0.2,0.0,0.0,0.2,0.04,0.15938450381159783,4.41,157.51,0.04592531849630177
348,11436032,11602.561,533,18.14,0.0,199.55,-0.0043508317321538925,14.03637409210205,0.5543797016143799,0.0013640846814269025,0.01427459716796875,0.0003,0.18631415241057542,0.9420118343195266,2.69,0.34,1.47,5.15,0.1,0.0,0.0,0.1,0.0,0.07290406927466392,5.31,169.12,0.0486761350184679
349,11468800,11665.21,533,18.35,0.0,205.9,-0.003341718576848507,10.90461540222168,0.560932457447052,0.001141910526087031,0.00945281982421875,0.0003,0.1917557251908397,0.9173553719008265,2.73,0.35,1.45,5.86,0.17,0.0,0.0,0.17,0.04,0.1305584003776312,5.15,166.68,0.04729266627691686
350,11501568,11726.279,533,17.91,0.0,193.59,-0.0057362886145710945,11.198090553283691,0.5467348098754883,0.0033680297017326666,0.03491973876953125,0.0003,0.15555555555555556,0.9347826086956522,2.44,0.49,1.3,5.09,0.16,0.0,0.0,0.16,0.03,0.12438106089830399,4.74,163.99,0.04386635031551123
351,11534336,11786.651,533,17.67,0.0,198.04,-0.006189508363604546,11.286867141723633,0.5686023235321045,0.0026133316957270836,0.02146148681640625,0.0003,0.15949935815147626,0.9274673008323424,2.94,0.62,1.23,5.02,0.26,0.0,0.0,0.26,0.0,0.18488151513040066,4.79,160.72,0.04679218179080635
352,11567104,11848.977,533,18.68,0.0,210.28,-0.004090616945177317,13.64317512512207,0.5219994783401489,0.0048316171626083815,0.0384368896484375,0.0003,0.16156816156816156,0.9071588366890381,2.74,0.51,1.41,4.93,0.1,0.0,0.0,0.1,0.0,0.05321286976337433,5.51,170.42,0.048658222774975
353,11599872,11910.533,533,15.96,0.0,180.62,-0.004162230063229799,11.613052368164062,0.5541136264801025,0.0028151239988289944,0.02770233154296875,0.0003,0.1563660925363053,0.893979057591623,2.13,0.4,0.95,4.54,0.12,0.0,0.0,0.12,0.03,0.09617883384227753,4.06,150.92,0.046102680382318795
354,11632640,11971.016,533,17.58,0.0,193.79,-0.0032714945264160633,11.53441333770752,0.5282387137413025,0.002583775685849332,0.02492523193359375,0.0003,0.19940769990128332,0.9070631970260223,2.26,0.44,1.24,5.26,0.19,0.0,0.0,0.19,0.0,0.13443719290196895,4.64,161.27,0.05067226616665721
355,11665408,12030.232,533,15.62,0.0,174.85,-0.009053943678736687,10.50239086151123,0.5535014867782593,0.002972324301424578,0.03093719482421875,0.0003,0.16422594142259414,0.8935574229691877,2.51,0.31,1.08,4.25,0.19,0.0,0.0,0.19,0.02,0.1240262259542942,4.08,147.58,0.04080529569182545
356,11698176,12088.235,534,15.77,0.0,176.85,-0.00459433626383543,11.700347900390625,0.5312761068344116,0.003947894544182873,0.03653717041015625,0.0003,0.18905817174515235,0.9137931034482759,2.63,0.47,1.15,4.51,0.12,0.0,0.0,0.12,0.01,0.0922231638431549,4.16,148.8,0.041791929048486054
357,11730944,12148.199,534,17.2,0.0,189.41,-0.008488220162689686,11.598777770996094,0.5536834001541138,0.005819055372796811,0.049835205078125,0.0003,0.14680426098535287,0.9113607990012484,2.31,0.33,1.27,4.63,0.17,0.0,0.0,0.17,0.0,0.12371015459299088,4.68,162.15,0.043576532043516636
358,11763712,12208.727,534,16.87,0.0,189.56,-0.006669127382338047,11.52483081817627,0.5736933350563049,0.0028559678963233637,0.026885986328125,0.0003,0.24412698412698414,0.9273885350318471,2.36,0.42,1.07,4.59,0.17,0.0,0.0,0.17,0.03,0.13359797596931458,4.61,155.21,0.045158353983424604
359,11796480,12268.343,534,16.82,0.0,187.2,-0.007632771041244268,11.692278861999512,0.5726475715637207,0.0028131912260960235,0.025726318359375,0.0003,0.20132231404958678,0.9047619047619048,1.9,0.34,1.14,4.7,0.21,0.0,0.0,0.21,0.01,0.15503988415002823,4.39,150.76,0.04097285878378898
360,11829248,12329.012,534,16.77,0.0,188.92,-0.005495211109519005,11.893482208251953,0.5729993581771851,0.004585567522397582,0.041259765625,0.0003,0.20483123759099933,0.8968253968253969,2.52,0.57,1.2,4.7,0.16,0.0,0.0,0.16,0.0,0.12370077729225158,4.5,152.19,0.043859252822585404
361,11862016,12389.727,534,17.09,0.0,188.83,-0.00577107910066843,11.70393180847168,0.5429964065551758,0.002903186026514959,0.02764892578125,0.0003,0.20058612829697167,0.9201030927835051,2.1,0.44,1.2,4.82,0.2,0.0,0.0,0.2,0.0,0.1349252890050411,4.48,158.34,0.04050573462154716
362,11894784,12449.839,534,16.42,0.0,184.87,-0.0033619985915720463,11.613038063049316,0.5718022584915161,0.0038573767989191765,0.0347747802734375,0.0003,0.176490400808353,0.917989417989418,2.63,0.3,1.12,4.46,0.23,0.0,0.0,0.23,0.0,0.17737821340560914,4.35,149.81,0.04139926249627024
363,11927552,12514.722,534,16.11,0.0,180.37,-0.006771158427000046,14.13456916809082,0.5633326172828674,0.002287725888379555,0.0211181640625,0.0003,0.17723244717109748,0.9280958721704394,2.56,0.4,1.15,4.37,0.19,0.0,0.0,0.19,0.02,0.15268254429101943,4.36,153.04,0.04497424711007625
364,11960320,12576.867,534,18.19,0.0,199.56,-0.002043384127318859,11.473248481750488,0.5479372143745422,0.0028478056158860454,0.02945709228515625,0.0003,0.2008816120906801,0.9326364692218351,2.62,0.42,1.44,5.15,0.24,0.0,0.0,0.24,0.03,0.18156454250216483,5.01,168.6,0.04807528341189027
365,11993088,12637.549,534,17.22,0.0,189.17,-0.007626037113368511,11.650751113891602,0.5508608818054199,0.0016543646472086948,0.01477813720703125,0.0003,0.1696929679762298,0.9414758269720102,3.01,0.36,1.27,4.68,0.17,0.0,0.0,0.17,0.01,0.1247557270526886,4.79,160.6,0.04501057090237737
